questionNumber,label,text,isCorrect
1,A,Listening Q1 option A,True.ToLower()
1,B,Listening Q1 option B,False.ToLower()
1,C,Listening Q1 option C,False.ToLower()
1,D,Listening Q1 option D,False.ToLower()
2,A,Listening Q2 option A,False.ToLower()
2,B,Listening Q2 option B,True.ToLower()
2,C,Listening Q2 option C,False.ToLower()
2,D,Listening Q2 option D,False.ToLower()
3,A,Listening Q3 option A,False.ToLower()
3,B,Listening Q3 option B,False.ToLower()
3,C,Listening Q3 option C,True.ToLower()
3,D,Listening Q3 option D,False.ToLower()
4,A,Listening Q4 option A,False.ToLower()
4,B,Listening Q4 option B,False.ToLower()
4,C,Listening Q4 option C,False.ToLower()
4,D,Listening Q4 option D,True.ToLower()
5,A,Listening Q5 option A,True.ToLower()
5,B,Listening Q5 option B,False.ToLower()
5,C,Listening Q5 option C,False.ToLower()
5,D,Listening Q5 option D,False.ToLower()
6,A,Listening Q6 option A,False.ToLower()
6,B,Listening Q6 option B,True.ToLower()
6,C,Listening Q6 option C,False.ToLower()
6,D,Listening Q6 option D,False.ToLower()
7,A,Listening Q7 option A,False.ToLower()
7,B,Listening Q7 option B,False.ToLower()
7,C,Listening Q7 option C,True.ToLower()
7,D,Listening Q7 option D,False.ToLower()
8,A,Listening Q8 option A,False.ToLower()
8,B,Listening Q8 option B,False.ToLower()
8,C,Listening Q8 option C,False.ToLower()
8,D,Listening Q8 option D,True.ToLower()
9,A,Listening Q9 option A,True.ToLower()
9,B,Listening Q9 option B,False.ToLower()
9,C,Listening Q9 option C,False.ToLower()
9,D,Listening Q9 option D,False.ToLower()
10,A,Listening Q10 option A,False.ToLower()
10,B,Listening Q10 option B,True.ToLower()
10,C,Listening Q10 option C,False.ToLower()
10,D,Listening Q10 option D,False.ToLower()
11,A,Listening Q11 option A,False.ToLower()
11,B,Listening Q11 option B,False.ToLower()
11,C,Listening Q11 option C,True.ToLower()
11,D,Listening Q11 option D,False.ToLower()
12,A,Listening Q12 option A,False.ToLower()
12,B,Listening Q12 option B,False.ToLower()
12,C,Listening Q12 option C,False.ToLower()
12,D,Listening Q12 option D,True.ToLower()
13,A,Listening Q13 option A,True.ToLower()
13,B,Listening Q13 option B,False.ToLower()
13,C,Listening Q13 option C,False.ToLower()
13,D,Listening Q13 option D,False.ToLower()
14,A,Listening Q14 option A,False.ToLower()
14,B,Listening Q14 option B,True.ToLower()
14,C,Listening Q14 option C,False.ToLower()
14,D,Listening Q14 option D,False.ToLower()
15,A,Listening Q15 option A,False.ToLower()
15,B,Listening Q15 option B,False.ToLower()
15,C,Listening Q15 option C,True.ToLower()
15,D,Listening Q15 option D,False.ToLower()
16,A,Listening Q16 option A,False.ToLower()
16,B,Listening Q16 option B,False.ToLower()
16,C,Listening Q16 option C,False.ToLower()
16,D,Listening Q16 option D,True.ToLower()
17,A,Listening Q17 option A,True.ToLower()
17,B,Listening Q17 option B,False.ToLower()
17,C,Listening Q17 option C,False.ToLower()
17,D,Listening Q17 option D,False.ToLower()
18,A,Listening Q18 option A,False.ToLower()
18,B,Listening Q18 option B,True.ToLower()
18,C,Listening Q18 option C,False.ToLower()
18,D,Listening Q18 option D,False.ToLower()
19,A,Listening Q19 option A,False.ToLower()
19,B,Listening Q19 option B,False.ToLower()
19,C,Listening Q19 option C,True.ToLower()
19,D,Listening Q19 option D,False.ToLower()
20,A,Listening Q20 option A,False.ToLower()
20,B,Listening Q20 option B,False.ToLower()
20,C,Listening Q20 option C,False.ToLower()
20,D,Listening Q20 option D,True.ToLower()
21,A,Listening Q21 option A,True.ToLower()
21,B,Listening Q21 option B,False.ToLower()
21,C,Listening Q21 option C,False.ToLower()
21,D,Listening Q21 option D,False.ToLower()
22,A,Listening Q22 option A,False.ToLower()
22,B,Listening Q22 option B,True.ToLower()
22,C,Listening Q22 option C,False.ToLower()
22,D,Listening Q22 option D,False.ToLower()
23,A,Listening Q23 option A,False.ToLower()
23,B,Listening Q23 option B,False.ToLower()
23,C,Listening Q23 option C,True.ToLower()
23,D,Listening Q23 option D,False.ToLower()
24,A,Listening Q24 option A,False.ToLower()
24,B,Listening Q24 option B,False.ToLower()
24,C,Listening Q24 option C,False.ToLower()
24,D,Listening Q24 option D,True.ToLower()
25,A,Listening Q25 option A,True.ToLower()
25,B,Listening Q25 option B,False.ToLower()
25,C,Listening Q25 option C,False.ToLower()
25,D,Listening Q25 option D,False.ToLower()
26,A,Listening Q26 option A,False.ToLower()
26,B,Listening Q26 option B,True.ToLower()
26,C,Listening Q26 option C,False.ToLower()
26,D,Listening Q26 option D,False.ToLower()
27,A,Listening Q27 option A,False.ToLower()
27,B,Listening Q27 option B,False.ToLower()
27,C,Listening Q27 option C,True.ToLower()
27,D,Listening Q27 option D,False.ToLower()
28,A,Listening Q28 option A,False.ToLower()
28,B,Listening Q28 option B,False.ToLower()
28,C,Listening Q28 option C,False.ToLower()
28,D,Listening Q28 option D,True.ToLower()
29,A,Listening Q29 option A,True.ToLower()
29,B,Listening Q29 option B,False.ToLower()
29,C,Listening Q29 option C,False.ToLower()
29,D,Listening Q29 option D,False.ToLower()
30,A,Listening Q30 option A,False.ToLower()
30,B,Listening Q30 option B,True.ToLower()
30,C,Listening Q30 option C,False.ToLower()
30,D,Listening Q30 option D,False.ToLower()
31,A,Listening Q31 option A,False.ToLower()
31,B,Listening Q31 option B,False.ToLower()
31,C,Listening Q31 option C,True.ToLower()
31,D,Listening Q31 option D,False.ToLower()
32,A,Listening Q32 option A,False.ToLower()
32,B,Listening Q32 option B,False.ToLower()
32,C,Listening Q32 option C,False.ToLower()
32,D,Listening Q32 option D,True.ToLower()
33,A,Listening Q33 option A,True.ToLower()
33,B,Listening Q33 option B,False.ToLower()
33,C,Listening Q33 option C,False.ToLower()
33,D,Listening Q33 option D,False.ToLower()
34,A,Listening Q34 option A,False.ToLower()
34,B,Listening Q34 option B,True.ToLower()
34,C,Listening Q34 option C,False.ToLower()
34,D,Listening Q34 option D,False.ToLower()
35,A,Listening Q35 option A,False.ToLower()
35,B,Listening Q35 option B,False.ToLower()
35,C,Listening Q35 option C,True.ToLower()
35,D,Listening Q35 option D,False.ToLower()
36,A,Listening Q36 option A,False.ToLower()
36,B,Listening Q36 option B,False.ToLower()
36,C,Listening Q36 option C,False.ToLower()
36,D,Listening Q36 option D,True.ToLower()
37,A,Listening Q37 option A,True.ToLower()
37,B,Listening Q37 option B,False.ToLower()
37,C,Listening Q37 option C,False.ToLower()
37,D,Listening Q37 option D,False.ToLower()
38,A,Listening Q38 option A,False.ToLower()
38,B,Listening Q38 option B,True.ToLower()
38,C,Listening Q38 option C,False.ToLower()
38,D,Listening Q38 option D,False.ToLower()
39,A,Listening Q39 option A,False.ToLower()
39,B,Listening Q39 option B,False.ToLower()
39,C,Listening Q39 option C,True.ToLower()
39,D,Listening Q39 option D,False.ToLower()
40,A,Listening Q40 option A,False.ToLower()
40,B,Listening Q40 option B,False.ToLower()
40,C,Listening Q40 option C,False.ToLower()
40,D,Listening Q40 option D,True.ToLower()
